,0,1
0,0.16477272727272727,0.045454545454545456
1,-0.02435897435897436,0.13846153846153847
2,0.125,0.13333333333333333
3,0.012083333333333324,0.10833333333333335
4,0.06199999999999999,0.12
5,0.08387096774193548,0.14516129032258066
6,-0.06666666666666665,0.18181818181818182
7,-0.013888888888888876,0.09313725490196079
8,0.10178571428571427,0.03571428571428571
9,-0.12121212121212122,0.05454545454545455
10,0.09999999999999999,0.057692307692307696
11,0.15499999999999997,0.0375
12,-0.05730994152046782,0.035672514619883036
13,0.11967213114754098,0.07377049180327869
14,0.05476190476190479,0.02857142857142857
15,0.07933333333333333,0.04
16,0.05439393939393938,0.04242424242424243
17,-0.06176470588235293,0.08235294117647059
18,-0.10666666666666666,0.11407407407407406
19,-0.24055555555555555,0.04444444444444444
20,-0.18333333333333332,0.027777777777777776
21,0.16904761904761906,0.14285714285714285
22,0.2285714285714286,0.0
23,0.002083333333333326,0.04861111111111111
24,0.026388888888888892,0.18055555555555555
25,-0.19761904761904764,0.0
26,-0.06481481481481481,0.07407407407407407
27,0.0,0.0
28,-0.03717948717948718,0.10256410256410256
29,0.08387096774193548,0.03225806451612903
30,-0.275,0.011363636363636364
31,-0.025892857142857155,0.0
32,-0.23132183908045972,0.025287356321839084
33,0.18055555555555555,0.1611111111111111
34,0.07333333333333333,0.0
35,0.06578947368421052,0.05263157894736842
36,-0.0076923076923076945,0.058608058608058615
37,0.030817610062893082,0.0
38,0.026595744680851064,0.010638297872340425
39,0.07583333333333334,0.0725
40,0.02803030303030302,0.045454545454545456
41,0.16964285714285715,0.0
42,0.09982269503546098,0.010638297872340425
43,0.15740740740740738,0.10555555555555556
44,0.03559322033898303,0.09689265536723166
45,-0.04249999999999998,0.08333333333333333
46,0.05018939393939393,0.11553030303030302
47,0.17936507936507937,0.0873015873015873
48,0.02,0.04
49,-0.2446666666666667,0.05333333333333333
50,0.02631578947368421,0.10526315789473684
51,0.10795454545454547,0.06818181818181818
52,0.01142857142857142,0.08095238095238094
53,-0.07173913043478261,0.03043478260869565
54,-0.13815789473684212,0.09473684210526315
55,-3.828355257328126e-18,0.10344827586206896
56,0.15806451612903227,0.01075268817204301
57,-0.03758865248226949,0.07624113475177305
58,0.13564814814814816,0.027777777777777776
59,0.1394736842105263,0.0
60,0.09189189189189188,0.0
61,0.10245098039215686,0.18137254901960784
62,0.009374999999999994,0.1875
63,-0.009615384615384616,0.05769230769230768
64,-0.26999999999999996,0.06666666666666667
65,-0.233695652173913,0.043478260869565216
66,0.10219298245614036,0.15087719298245614
67,-0.0875,0.11666666666666667
68,-0.037037037037037056,0.02962962962962963
69,-0.17499999999999996,0.05555555555555555
70,0.13518518518518516,0.0
71,0.17659574468085107,0.0425531914893617
72,0.01153846153846154,0.07692307692307693
73,0.043478260869565216,0.043478260869565216
74,-0.08333333333333334,0.13157894736842105
75,0.035714285714285705,0.017857142857142856
76,0.10476190476190476,0.05714285714285715
77,-0.13999999999999999,0.03333333333333334
78,-0.20517241379310344,0.011494252873563218
79,0.11875,0.0875
80,0.02624999999999999,0.16
81,-0.15,0.18181818181818182
82,0.11335526315789472,0.06578947368421052
83,0.07435897435897437,0.0
84,0.01047619047619047,0.05714285714285714
85,0.03039772727272727,0.005681818181818182
86,-0.13194444444444445,0.0
87,-0.09375,0.015625
88,0.10937499999999997,0.0
89,0.17058823529411768,0.014705882352941176
90,0.19999999999999998,0.0
91,0.13650793650793647,0.03968253968253968
92,0.11875000000000002,0.020833333333333332
93,0.185,0.03333333333333333
94,-0.20952380952380953,0.11904761904761904
95,-0.01428571428571429,0.07142857142857142
96,0.14189189189189189,0.05405405405405406
97,-0.03209876543209877,0.012345679012345678
98,-0.07258064516129033,0.06451612903225806
99,0.09640522875816994,0.0784313725490196
100,-0.07373737373737374,0.0707070707070707
101,0.19699999999999998,0.04
102,-0.027205882352941184,0.014705882352941176
103,-0.09090909090909091,0.045454545454545456
104,-0.0991666666666667,0.025
105,-0.02343750000000001,0.0
106,0.0033333333333333288,0.22
107,0.1611111111111111,0.1111111111111111
108,0.06599999999999998,0.04
109,-0.12391304347826085,0.014492753623188404
110,-0.0705128205128205,0.07692307692307693
111,-0.027999999999999994,0.092
112,0.05789473684210527,0.0
113,-0.1885416666666667,0.0625
114,0.11029411764705882,0.058823529411764705
115,0.04833333333333334,0.0625
116,0.02368421052631577,0.10526315789473684
117,-0.1423076923076923,0.038461538461538464
118,-0.09310344827586207,0.0
119,-0.08088235294117649,0.0980392156862745
120,0.08088235294117649,0.10686274509803921
121,0.0008215962441314525,0.07511737089201878
122,0.18518518518518517,0.08518518518518518
123,0.03968253968253969,0.03968253968253968
124,-0.07777777777777778,0.1111111111111111
125,0.10882352941176471,0.11764705882352941
126,0.0703125,0.03125
127,0.066,0.0
128,0.21346153846153845,0.12820512820512822
129,0.12142857142857143,0.01761904761904762
130,-0.06589147286821705,0.011627906976744186
131,-0.14652777777777778,0.020833333333333332
132,-0.24500000000000002,0.02
133,-0.008114035087719297,0.13157894736842105
134,-0.03333333333333333,0.022727272727272728
135,-0.13026315789473686,0.05263157894736842
136,0.24117647058823527,0.11764705882352941
137,0.13076923076923078,0.038461538461538464
138,-0.07391304347826085,0.08695652173913043
139,0.0956989247311828,0.06451612903225806
140,0.14166666666666666,0.16666666666666666
141,0.0738095238095238,0.09047619047619047
142,0.017803030303030296,0.09318181818181817
143,-0.021052631578947364,0.06578947368421052
144,0.1264705882352941,0.029411764705882353
145,0.2894736842105263,0.02631578947368421
146,-0.23035714285714287,0.008928571428571428
147,0.09743589743589744,0.05128205128205128
148,-0.035028248587570615,0.17344632768361584
149,0.002272727272727275,0.045454545454545456
150,0.03548387096774193,0.06451612903225806
151,0.08452380952380951,0.07142857142857142
152,0.03575757575757574,0.04727272727272727
153,-0.3071428571428571,0.07142857142857142
154,-0.047619047619047616,0.047619047619047616
155,0.07200854700854702,0.09829059829059829
156,-0.15789473684210525,0.10526315789473684
157,0.11896551724137931,0.06896551724137931
158,0.015566037735849057,0.03459119496855346
159,-0.10882352941176471,0.0
160,0.001764705882352933,0.029411764705882353
161,0.17794117647058827,0.052941176470588235
162,0.017948717948717937,0.0
163,0.08796296296296297,0.15555555555555556
164,0.04807692307692308,0.0
165,0.18225806451612903,0.12258064516129032
166,0.011723163841807906,0.025423728813559324
167,0.05158730158730154,0.08333333333333333
168,0.17017543859649123,0.2017543859649123
169,-0.16080246913580243,0.043209876543209874
170,-0.12300000000000001,0.03
171,0.17688172043010755,0.03225806451612903
172,0.10940476190476191,0.15190476190476193
173,-0.08555555555555555,0.016666666666666666
174,-0.17980769230769234,0.0
175,0.042307692307692275,0.03076923076923077
176,0.023157894736842103,0.23684210526315788
177,0.06428571428571428,0.10714285714285714
178,0.08333333333333333,0.0
179,-0.1,0.1388888888888889
180,0.10980392156862744,0.22352941176470587
181,0.08859649122807016,0.02631578947368421
182,0.21666666666666665,0.0
183,0.039333333333333324,0.02
184,-0.18703703703703703,0.037037037037037035
185,0.11206896551724138,0.027586206896551727
186,0.37750000000000006,0.05
187,0.04015151515151516,0.11363636363636363
188,0.06627906976744186,0.0
189,0.0875,0.19642857142857142
190,0.2909313725490196,0.054411764705882354
191,-0.12058823529411763,0.12352941176470589
192,0.1907407407407407,0.02962962962962963
193,-0.06136363636363635,0.045454545454545456
194,0.10499999999999998,0.05
195,0.009914529914529905,0.059829059829059825
196,0.05632183908045977,0.017241379310344827
197,0.03877777777777778,0.08
198,-0.041304347826086954,0.021739130434782608
199,-0.075,0.03571428571428571
200,0.1868421052631579,0.0
201,0.046511627906976744,0.05813953488372093
202,0.0,0.038461538461538464
203,0.005797101449275361,0.3043478260869565
204,-0.06428571428571427,0.1380952380952381
205,-0.05263157894736842,0.05263157894736842
206,0.07105263157894737,0.042105263157894736
207,0.05983870967741934,0.06451612903225806
208,-0.05263157894736842,0.05263157894736842
209,-0.08181818181818182,0.015151515151515152
210,-0.023863636363636365,0.06363636363636363
211,-0.004687500000000008,0.078125
212,0.039891975308641976,0.08641975308641975
213,0.04,0.025
214,-0.06354166666666668,0.052083333333333336
215,0.23918918918918922,0.0
216,0.1159090909090909,0.10378787878787878
217,-0.047701149425287366,0.02586206896551724
218,0.0375,0.0
219,-0.013242009132420093,0.16552511415525115
220,0.14444444444444443,0.12962962962962962
221,0.009108527131782944,0.10852713178294572
222,0.019565217391304346,0.0
223,-0.1,0.07692307692307693
224,0.1328125,0.0625
225,-0.002173913043478258,0.05434782608695652
226,0.021428571428571432,0.0
227,0.06578947368421052,0.12631578947368421
228,0.19305555555555554,0.12777777777777777
229,0.02794117647058822,0.08823529411764706
230,0.05256410256410256,0.10769230769230768
231,-0.025000000000000005,0.15384615384615385
232,0.040518518518518516,0.08148148148148147
233,0.24777777777777776,0.03333333333333333
234,0.024999999999999994,0.10116279069767443
235,-0.09259259259259256,0.037037037037037035
236,0.0875,0.0
237,0.04482758620689655,0.10344827586206896
238,0.15384615384615385,0.09423076923076924
239,-0.09777777777777777,0.07777777777777777
240,-0.1810344827586207,0.1908045977011494
241,0.11557017543859652,0.08596491228070176
242,0.07407407407407408,0.14814814814814814
243,-0.0956140350877193,0.05263157894736842
244,0.2664021164021164,0.015873015873015872
245,0.195,0.075
246,0.018749999999999985,0.0625
247,0.08666666666666668,0.12533333333333332
248,0.018749999999999996,0.0625
249,0.0515625,0.015625
250,0.315625,0.14722222222222223
251,-0.08383838383838384,0.07474747474747476
252,0.04313725490196078,0.12745098039215685
253,0.165,0.025555555555555554
254,-0.053846153846153835,0.11538461538461539
255,-0.23684210526315788,0.0
256,0.1,0.0
257,0.0640625,0.171875
258,0.1947222222222222,0.0861111111111111
259,-0.020319634703196338,0.03150684931506849
260,0.019047619047619035,0.0
261,-0.09130434782608696,0.050724637681159424
262,-0.16666666666666669,0.0935483870967742
263,0.10701754385964912,0.11403508771929824
264,-0.01363636363636364,0.08068181818181817
265,0.13541666666666666,0.08333333333333333
266,-0.006249999999999999,0.15625
267,-0.13333333333333333,0.0
268,-0.20500000000000002,0.09166666666666666
269,0.06363636363636363,0.13636363636363635
270,-0.08921568627450982,0.0
271,-0.03333333333333334,0.0
272,0.05462962962962963,0.061111111111111116
273,0.07249999999999998,0.025
274,-0.1602272727272727,0.045454545454545456
275,-0.02,0.05
276,0.06533333333333333,0.013333333333333332
277,0.07894736842105263,0.013157894736842105
278,0.004166666666666652,0.028787878787878786
279,-0.13260869565217395,0.0
280,-0.11875000000000001,0.08333333333333333
281,0.021875000000000006,0.08333333333333333
282,0.05643939393939395,0.027272727272727275
283,-0.05222222222222222,0.18444444444444444
284,0.20555555555555557,0.19444444444444445
285,0.024999999999999994,0.07246376811594202
286,0.10909455128205128,0.1201923076923077
287,-0.031899641577060926,0.09820788530465949
288,0.050819672131147534,0.04918032786885246
289,-0.015151515151515159,0.08787878787878788
290,0.012499999999999994,0.0
291,0.031172839506172837,0.12901234567901235
292,0.0818181818181818,0.022727272727272728
293,-0.04625,0.095
294,0.16451612903225804,0.05376344086021505
295,0.21764705882352936,0.1245098039215686
296,0.008771929824561398,0.12280701754385966
297,0.20609756097560977,0.14634146341463414
298,0.03909090909090908,0.10424242424242425
299,-0.17321428571428574,0.17857142857142858
300,0.05961538461538461,0.12307692307692307
301,0.10128205128205128,0.05128205128205128
302,-0.13662280701754384,0.09210526315789473
303,-0.12307692307692307,0.0
304,0.12419354838709677,0.132258064516129
305,-0.1828507078507079,0.09675032175032175
306,-0.01907894736842106,0.05921052631578947
307,-0.030630630630630637,0.016216216216216217
308,-0.004838709677419356,0.0
309,0.21323232323232322,0.12121212121212122
310,0.11296296296296296,0.05555555555555555
311,-0.19492753623188405,0.0
312,0.07456140350877193,0.14736842105263157
313,0.03636363636363637,0.022727272727272728
314,0.17222222222222222,0.13194444444444445
315,-0.07333333333333333,0.0
316,0.13637037037037036,0.17629629629629628
317,-0.17398373983739837,0.08536585365853659
318,0.19837962962962963,0.041666666666666664
319,-0.0026315789473684292,0.0
320,0.06904761904761905,0.19047619047619047
321,0.0625,0.15
322,-0.06964285714285715,0.0
323,0.03913043478260869,0.043478260869565216
324,0.28958333333333336,0.11805555555555554
325,0.09999999999999999,0.18863636363636366
326,0.18222222222222223,0.06666666666666667
327,0.10299145299145299,0.16153846153846155
328,-0.23421052631578948,0.04736842105263158
329,0.15555555555555556,0.1111111111111111
330,0.031249999999999993,0.08125
331,0.12380952380952379,0.047619047619047616
332,0.08235294117647059,0.0
333,0.16153846153846155,0.038461538461538464
334,-0.04852941176470588,0.07352941176470588
335,0.14374999999999996,0.020833333333333332
336,0.10133333333333333,0.136
337,0.06142857142857144,0.05714285714285714
338,0.23045977011494254,0.15517241379310345
339,0.10945273631840798,0.1447761194029851
340,0.04682539682539682,0.35714285714285715
341,-0.16833333333333333,0.075
342,0.07320872274143302,0.04392523364485981
343,0.015963541666666654,0.16380208333333335
344,0.0,0.043478260869565216
345,-0.024999999999999998,0.022727272727272728
346,0.186231884057971,0.0782608695652174
347,-0.012209302325581399,0.03255813953488372
348,0.11376811594202899,0.0996376811594203
349,0.20689655172413796,0.06206896551724138
350,0.025925925925925925,0.05555555555555555
351,0.26153846153846155,0.0
352,0.0020343137254902072,0.07401960784313726
353,0.04303030303030302,0.21515151515151515
354,0.1793478260869565,0.13043478260869565
355,0.12807017543859647,0.02631578947368421
356,0.02837837837837838,0.1036036036036036
357,-0.02444444444444444,0.04444444444444444
358,0.22849462365591397,0.008064516129032258
359,0.1411764705882353,0.0
360,0.13088235294117648,0.0857843137254902
361,0.08333333333333333,0.058823529411764705
362,0.234,0.04
363,-0.163,0.078
364,0.34750000000000003,0.0
365,-0.01578947368421053,0.10526315789473684
366,0.017559523809523813,0.08035714285714286
367,0.10641025641025639,0.0641025641025641
368,0.1210714285714286,0.07714285714285715
369,0.052000000000000005,0.08
370,0.007905982905982902,0.14957264957264957
371,-0.015500000000000003,0.046
372,0.15869565217391304,0.10144927536231883
373,-0.2191176470588235,0.058823529411764705
374,0.033218390804597694,0.04827586206896552
375,-0.07222222222222222,0.044444444444444446
376,0.12023809523809524,0.05952380952380952
377,0.17685185185185187,0.11574074074074073
378,-0.13953488372093023,0.046511627906976744
379,0.05500000000000001,0.16999999999999998
380,0.22268518518518515,0.2037037037037037
381,0.06136363636363637,0.045454545454545456
382,0.07241379310344828,0.16666666666666669
383,0.39583333333333337,0.0625
384,-0.07105263157894737,0.05263157894736842
385,0.03397435897435896,0.1846153846153846
386,-0.04375,0.3125
387,0.11506410256410257,0.038461538461538464
388,0.10503472222222222,0.03125
389,-0.052000000000000005,0.12
390,-0.0070312499999999984,0.046875
391,0.039000000000000014,0.03
392,0.15275,0.06
393,0.12372685185185188,0.0712962962962963
394,0.2546666666666667,0.13333333333333333
395,0.0031249999999999924,0.13541666666666669
396,-0.06615384615384615,0.07384615384615384
397,-0.033,0.12666666666666665
398,-0.019696969696969702,0.06060606060606061
399,0.10647163120567375,0.0925531914893617
400,0.09871794871794871,0.0846153846153846
401,0.05945945945945945,0.04054054054054054
402,0.01438356164383562,0.03424657534246575
403,0.09912790697674419,0.040697674418604654
404,0.11041666666666668,0.07083333333333333
405,-0.04166666666666665,0.15125000000000002
406,0.05,0.08641975308641975
407,0.3418402777777778,0.013888888888888888
408,0.004285714285714286,0.0
409,0.08142857142857143,0.11428571428571428
410,-0.060277777777777784,0.06666666666666667
411,0.057999999999999996,0.052000000000000005
412,0.06756756756756757,0.14054054054054055
413,0.12673611111111108,0.041666666666666664
414,-0.09285714285714287,0.0
415,0.06983333333333334,0.04166666666666667
416,-0.45595238095238094,0.0
417,0.11959459459459461,0.08108108108108109
418,0.11452380952380954,0.16238095238095238
419,-0.042045454545454546,0.23787878787878788
420,0.10126582278481011,0.14936708860759496
421,0.2680555555555556,0.1111111111111111
422,0.10909090909090909,0.0
423,-0.01470588235294117,0.0
424,0.4295454545454546,0.09090909090909091
425,-0.021875000000000002,0.15104166666666666
426,-0.03333333333333333,0.1519607843137255
427,0.04519607843137255,0.06470588235294118
428,-0.05217391304347827,0.21811594202898554
429,-0.010227272727272725,0.022727272727272728
430,0.07314814814814814,0.1382716049382716
431,0.102,0.13333333333333333
432,0.033015873015873005,0.09365079365079365
433,0.03114035087719299,0.05263157894736842
434,0.17988505747126432,0.022988505747126436
435,0.003490990990990986,0.06914414414414415
436,0.05451977401129942,0.021468926553672316
437,0.10512820512820512,0.04487179487179487
438,-0.05972222222222222,0.042222222222222223
439,0.04986111111111112,0.1516666666666667
440,0.07328966521106259,0.05851528384279476
441,-0.08346774193548387,0.125
442,0.11986607142857142,0.026785714285714284
443,0.11416666666666668,0.18333333333333332
444,0.014642857142857135,0.10904761904761905
445,0.02192708333333332,0.05859375
446,0.08696969696969696,0.06606060606060606
447,0.11690476190476191,0.13904761904761906
448,0.20880952380952378,0.15
449,0.09953124999999999,0.08520833333333333
450,0.10229885057471268,0.06896551724137931
451,0.046774193548387105,0.09784946236559139
452,0.020833333333333332,0.10555555555555556
453,0.18050847457627117,0.05084745762711865
454,-0.06056910569105691,0.11544715447154472
455,0.16021505376344086,0.07311827956989247
456,-0.18928571428571425,0.12857142857142856
457,-0.005974842767295597,0.15157232704402515
458,-0.08026315789473684,0.08552631578947369
459,-0.03950617283950618,0.14074074074074072
460,0.15151515151515152,0.0
461,0.11379310344827585,0.11494252873563218
462,0.015942028985507253,0.05797101449275362
463,0.04178030303030303,0.10113636363636364
464,0.04414414414414414,0.03153153153153153
465,-0.03166666666666666,0.056666666666666664
466,0.018,0.12
467,0.04230769230769231,0.038461538461538464
468,0.13525641025641025,0.015384615384615385
469,0.09157124681933844,0.10069974554707378
470,0.08789954337899543,0.09200913242009133
471,0.08823333333333334,0.10800000000000001
472,0.07158469945355192,0.0866120218579235
473,0.03043478260869565,0.08695652173913043
474,0.18714285714285717,0.05142857142857143
475,0.14490196078431372,0.029411764705882353
476,0.10499999999999998,0.11666666666666667
477,0.17133333333333334,0.16666666666666669
478,0.028431372549019604,0.09607843137254901
479,0.04021739130434784,0.07173913043478261
480,0.07037037037037036,0.037037037037037035
481,0.15049603174603177,0.25555555555555554
482,0.2434782608695652,0.014492753623188404
483,-0.12758620689655173,0.0
484,-0.023717948717948693,0.0658974358974359
485,0.23083333333333333,0.06111111111111111
486,0.05172413793103448,0.0
487,0.18225806451612905,0.03225806451612903
488,0.053260869565217375,0.07971014492753623
489,0.054761904761904755,0.047619047619047616
490,-0.11666666666666667,0.07777777777777778
491,0.10666666666666666,0.08888888888888889
492,-0.06304347826086958,0.0
493,0.14444444444444443,0.05555555555555555
494,0.11519607843137253,0.12745098039215685
495,0.10463333333333334,0.12466666666666666
496,-0.06684782608695651,0.018115942028985504
497,0.14817073170731707,0.0951219512195122
498,0.06935483870967743,0.08064516129032258
499,0.019444444444444445,0.061111111111111116
500,0.11999999999999998,0.05555555555555555
501,0.03804347826086957,0.08695652173913043
502,0.0761574074074074,0.04861111111111111
503,0.2692028985507246,0.07246376811594202
504,-0.00705128205128206,0.07051282051282051
505,0.15937500000000002,0.03125
506,-0.027149122807017544,0.12008771929824562
507,0.08681818181818178,0.08080808080808081
508,0.1594583333333333,0.06604166666666667
509,0.18235294117647058,0.053921568627450976
510,0.04005376344086023,0.08064516129032258
511,-0.04208333333333332,0.127
512,0.06504329004329006,0.07575757575757576
513,0.15964285714285711,0.10857142857142857
514,0.08797814207650273,0.14207650273224046
515,0.09895833333333331,0.13518518518518519
516,-0.0027777777777777857,0.07818930041152262
517,-0.10399999999999998,0.21333333333333332
518,-0.09506172839506172,0.02962962962962963
519,0.07389558232931727,0.05582329317269076
520,-0.0988095238095238,0.08333333333333333
521,0.15522598870056498,0.10621468926553672
522,0.03817204301075268,0.2849462365591398
523,0.03796296296296296,0.027777777777777776
524,0.09798850574712642,0.008620689655172414
525,0.06294642857142857,0.022321428571428572
526,0.050653594771241824,0.12483660130718956
527,0.13166666666666665,0.06666666666666667
528,-0.06818181818181818,0.10227272727272728
529,0.09751773049645392,0.06879432624113475
530,-0.11833333333333332,0.03333333333333333
531,-0.06333333333333332,0.08333333333333333
532,0.167816091954023,0.08045977011494251
533,0.011734693877551026,0.07142857142857142
534,0.07804878048780486,0.036585365853658534
535,0.05231481481481483,0.013888888888888888
536,0.2012345679012346,0.06666666666666667
537,0.08163265306122448,0.11564625850340135
538,-0.01470588235294118,0.10294117647058823
539,0.10384615384615385,0.025641025641025644
540,0.06333333333333334,0.0
541,0.15,0.03289473684210526
542,-0.06458333333333331,0.15833333333333333
543,0.056874999999999995,0.025
544,0.16904761904761903,0.041666666666666664
545,0.19,0.03333333333333333
546,0.16407766990291262,0.09029126213592234
547,0.07132616487455196,0.05913978494623656
548,0.05,0.007936507936507936
549,0.012499999999999994,0.0
550,-0.00851063829787234,0.031914893617021274
551,0.014166666666666654,0.23148148148148145
552,0.04943181818181818,0.21780303030303028
553,0.13907407407407404,0.15185185185185185
554,-0.13103448275862067,0.15517241379310345
555,0.03805555555555558,0.12444444444444444
556,0.12083333333333335,0.125
557,-0.061333333333333344,0.02
558,0.06041666666666667,0.043333333333333335
559,0.047093023255813944,0.030232558139534883
560,0.08666666666666667,0.0
561,0.14897435897435896,0.05487179487179487
562,0.12628205128205128,0.02564102564102564
563,-0.0021857923497267807,0.05737704918032787
564,-0.05416666666666668,0.038461538461538464
565,0.05312500000000001,0.06625
566,0.15460526315789477,0.021929824561403508
567,0.13156862745098039,0.029411764705882353
568,0.007017543859649115,0.02368421052631579
569,0.09004065040650408,0.12113821138211382
570,0.2833333333333334,0.08
571,0.09527027027027027,0.10810810810810811
572,0.28947368421052627,0.05263157894736842
573,0.07499999999999998,0.11521739130434783
574,0.20666666666666664,0.02592592592592592
575,0.12205882352941178,0.03823529411764706
576,0.24935897435897436,0.09615384615384616
577,0.05399061032863851,0.053051643192488264
578,0.01419753086419752,0.012345679012345678
579,0.10965909090909093,0.045454545454545456
580,0.08787878787878786,0.14545454545454545
581,0.020348837209302327,0.01937984496124031
582,0.16095238095238096,0.05714285714285714
583,0.17594086021505378,0.10053763440860215
584,0.17185185185185187,0.022222222222222223
585,0.24572072072072074,0.19144144144144146
586,-0.018518518518518517,0.03333333333333333
587,0.022405189620758482,0.10858283433133732
588,0.001111111111111111,0.1
589,-0.027232142857142847,0.03839285714285714
590,0.06754385964912282,0.07456140350877193
591,0.21420765027322403,0.034972677595628415
592,0.050560109289617496,0.09972677595628415
593,-0.010000000000000009,0.038461538461538464
594,0.11180555555555556,0.09722222222222222
595,0.02430555555555558,0.05324074074074074
596,0.1585227272727273,0.07196969696969698
597,0.026666666666666672,0.1575757575757576
598,-0.05487804878048784,0.02032520325203252
599,-0.07916666666666666,0.06779661016949153
600,0.04652777777777776,0.013888888888888888
601,0.19320987654320987,0.08888888888888889
602,-0.18823529411764706,0.029411764705882353
603,0.12105263157894738,0.039473684210526314
604,0.061363636363636356,0.0
605,0.03531250000000001,0.12187500000000001
606,0.12847222222222224,0.027777777777777776
607,-0.025,0.029411764705882353
608,-0.062037037037037036,0.0
609,0.017105263157894738,0.0887719298245614
610,0.13958333333333334,0.020833333333333332
611,0.10344827586206896,0.18620689655172415
612,-0.03289473684210526,0.06315789473684211
613,0.084375,0.078125
614,-0.15151515151515152,0.08585858585858586
615,0.0904320987654321,0.07407407407407407
616,0.11277777777777778,0.01111111111111111
617,0.048611111111111105,0.09722222222222222
618,0.14343434343434344,0.08585858585858586
619,0.12575757575757576,0.009090909090909092
620,0.04375555555555556,0.04
621,0.13699999999999998,0.09
622,0.06419753086419754,0.08024691358024691
623,0.031666666666666655,0.06666666666666667
624,0.07311320754716981,0.04716981132075472
625,0.034210526315789476,0.007017543859649123
626,0.022777777777777775,0.09000000000000001
627,0.05,0.07971014492753623
628,0.09583333333333333,0.02
629,0.04807692307692309,0.04835164835164835
630,0.3747685185185185,0.0787037037037037
631,0.05189393939393939,0.011363636363636364
632,0.24833333333333327,0.0
633,0.09437500000000001,0.025
634,0.10915178571428572,0.06160714285714286
635,-0.12790697674418605,0.06976744186046512
636,0.25597014925373135,0.1044776119402985
637,0.06940104166666666,0.046875
638,0.07111742424242423,0.15113636363636365
639,0.017129629629629613,0.11574074074074073
640,0.2529411764705882,0.11274509803921569
641,0.40828124999999993,0.12604166666666666
642,0.09253246753246754,0.070995670995671
643,0.096,0.036000000000000004
644,0.16785714285714287,0.11190476190476188
645,-0.11562500000000002,0.0375
646,0.043981481481481476,0.08730158730158728
647,0.274,0.08
648,0.06543209876543211,0.0
649,0.3589743589743589,0.034188034188034185
650,0.1727272727272727,0.0
651,-0.12291666666666667,0.1125
652,0.16521739130434782,0.021739130434782608
653,0.029629629629629624,0.08666666666666667
654,-0.20238095238095236,0.06476190476190476
655,-0.06861702127659573,0.0425531914893617
656,0.09032258064516129,0.03225806451612903
657,0.08266666666666665,0.1784
658,0.03548387096774192,0.0
659,0.0010204081632653001,0.02448979591836735
660,0.0663265306122449,0.00816326530612245
661,0.1652898550724638,0.06
662,0.03089285714285714,0.042857142857142864
663,0.019927536231884074,0.0
664,0.06768707482993198,0.0
665,-0.04956140350877193,0.0
666,0.0390625,0.033854166666666664
667,0.1565217391304348,0.13043478260869565
668,0.07592592592592592,0.12037037037037039
669,0.09534883720930232,0.031007751937984496
670,0.16666666666666669,0.025
671,-0.06923076923076923,0.038461538461538464
672,0.09632352941176471,0.07941176470588236
673,-0.03333333333333334,0.02857142857142857
674,0.041798941798941794,0.16190476190476188
675,0.05655737704918033,0.01639344262295082
676,0.05706521739130436,0.03260869565217391
677,0.08517241379310342,0.05057471264367817
678,-0.12134146341463414,0.11544715447154472
679,0.19722222222222222,0.30158730158730157
680,0.36451612903225805,0.016129032258064516
681,-0.00965909090909091,0.045454545454545456
682,0.178125,0.09166666666666667
683,-0.009090909090909092,0.10909090909090909
684,0.039999999999999994,0.1585185185185185
685,-0.010294117647058827,0.029411764705882353
686,0.019666666666666662,0.06666666666666667
687,0.1159090909090909,0.06818181818181818
688,0.09999999999999999,0.07894736842105263
689,-0.009090909090909089,0.25
690,0.17111111111111113,0.060000000000000005
691,0.28770833333333334,0.045
692,0.12488262910798123,0.0652582159624413
693,0.32045454545454544,0.09848484848484848
694,0.1744047619047619,0.08571428571428572
695,0.06724137931034482,0.10344827586206896
696,0.016666666666666673,0.12962962962962962
697,0.036250000000000004,0.125
698,-0.03636363636363637,0.08636363636363636
699,0.07857142857142857,0.02142857142857143
700,0.2717857142857143,0.05301587301587301
701,0.1799074074074074,0.07407407407407407
702,0.1206896551724138,0.05172413793103448
703,0.09571428571428572,0.08571428571428572
704,0.36098484848484846,0.09696969696969697
705,0.09255102040816326,0.11224489795918367
706,0.28181818181818186,0.08787878787878788
707,0.2382352941176471,0.08823529411764706
708,0.008641975308641978,0.1925925925925926
709,0.08695652173913043,0.05652173913043478
710,0.16018518518518515,0.08641975308641976
711,0.1751612903225806,0.03870967741935484
712,0.17500000000000002,0.0642857142857143
713,0.14487179487179486,0.07692307692307693
714,0.00555555555555555,0.1393939393939394
715,0.07053333333333332,0.06
716,0.03448275862068965,0.034482758620689655
717,0.3386904761904762,0.03214285714285715
718,0.09788888888888889,0.07777777777777777
719,0.296078431372549,0.029411764705882353
720,0.11344086021505376,0.13333333333333336
721,0.0681159420289855,0.021739130434782608
722,0.027083333333333327,0.14325396825396824
723,0.27894736842105267,0.07894736842105263
724,0.07105263157894737,0.2789473684210526
725,-0.02642857142857142,0.08285714285714285
726,0.15595238095238093,0.0642857142857143
727,-0.1375,0.075
728,0.04320987654320988,0.05555555555555555
729,-0.027083333333333338,0.041666666666666664
730,0.14374999999999996,0.020833333333333332
731,-0.06820987654320988,0.02962962962962963
732,0.05271739130434782,0.11956521739130435
733,0.136,0.04
734,0.017948717948717954,0.032478632478632474
735,0.0919642857142857,0.1488095238095238
736,0.05535714285714285,0.13214285714285715
737,0.04393939393939393,0.13636363636363635
738,0.06420454545454546,0.06818181818181818
739,0.21666666666666665,0.09523809523809523
740,0.17555555555555555,0.06666666666666667
741,0.024731182795698924,0.05806451612903226
742,0.010344827586206891,0.017241379310344827
743,0.058695652173913045,0.06521739130434782
744,0.04628099173553719,0.1118457300275482
745,-0.055769230769230786,0.1846153846153846
746,0.041666666666666664,0.15942028985507245
747,0.17235449735449732,0.06507936507936507
748,0.038461538461538464,0.038461538461538464
749,0.05916666666666666,0.041666666666666664
750,0.09722222222222221,0.16302083333333334
751,0.03510752688172043,0.07741935483870968
752,0.0609375,0.2703125
753,0.21609195402298847,0.07241379310344828
754,-0.02037037037037038,0.044444444444444446
755,0.006609195402298857,0.11206896551724138
756,0.09945355191256831,0.15874316939890712
757,-0.06894675925925928,0.04814814814814814
758,-0.10683760683760682,0.05897435897435897
759,0.16470588235294117,0.058823529411764705
760,0.19531249999999997,0.14062499999999997
761,0.05806451612903226,0.08387096774193549
762,0.32611111111111113,0.0938888888888889
763,0.32055555555555554,0.08
764,0.13504273504273503,0.01282051282051282
765,0.04008620689655173,0.11034482758620691
766,0.21740740740740744,0.1
767,0.08333333333333333,0.06790123456790123
768,-0.022701149425287354,0.05747126436781609
769,0.1908045977011494,0.034482758620689655
770,0.63,0.0
771,-0.1294871794871795,0.03205128205128205
772,0.05925925925925927,0.023148148148148147
773,-0.11521739130434784,0.021739130434782608
774,0.0005555555555555536,0.0
775,-0.02895833333333333,0.03333333333333333
776,-0.046,0.05466666666666667
777,-0.09864864864864864,0.0945945945945946
778,0.15384615384615385,0.030769230769230774
779,0.20083333333333325,0.041666666666666664
780,0.10344827586206896,0.13793103448275862
781,0.09308943089430893,0.0
782,0.1280701754385965,0.0
783,0.15993589743589742,0.03205128205128205
784,-0.0026315789473684206,0.06578947368421052
785,0.196875,0.08541666666666665
786,0.041666666666666664,0.08333333333333333
787,0.07499999999999998,0.15476190476190474
788,0.14114583333333333,0.08333333333333333
789,0.07142857142857142,0.047619047619047616
790,-0.030459770114942542,0.034482758620689655
791,-0.007142857142857141,0.05357142857142857
792,0.14020467836257308,0.033625730994152045
793,0.3693333333333333,0.02
794,-0.08888888888888889,0.044444444444444446
795,-0.008823529411764694,0.014705882352941176
796,0.04978354978354978,0.045454545454545456
797,0.06598639455782312,0.10901360544217688
798,0.02499999999999999,0.0
799,0.0423076923076923,0.06615384615384615
800,0.0800347222222222,0.06944444444444443
801,-0.15309523809523812,0.029761904761904757
802,0.2403846153846154,0.11538461538461539
803,-0.005059523809523815,0.1279761904761905
804,-0.023170731707317066,0.14959349593495933
805,0.04099099099099099,0.05405405405405406
806,-0.17037037037037037,0.0
807,0.14675925925925926,0.041666666666666664
808,0.184375,0.125
809,0.17499999999999996,0.0
810,0.07929292929292929,0.08585858585858586
811,0.18095238095238095,0.09523809523809523
812,0.09523809523809523,0.09047619047619047
813,0.28405797101449276,0.14347826086956522
814,0.1659090909090909,0.20454545454545456
815,0.07647058823529412,0.052941176470588235
816,-0.015277777777777779,0.041666666666666664
817,-0.019540229885057478,0.05172413793103448
818,0.14583333333333334,0.041666666666666664
819,0.0946078431372549,0.09294117647058824
820,0.20795454545454548,0.06818181818181818
821,0.0945945945945946,0.10810810810810811
822,-0.06562499999999999,0.0
823,0.12077114427860694,0.06666666666666667
824,0.06634146341463414,0.183739837398374
825,0.04910901467505241,0.1058700209643606
826,0.08709677419354839,0.06451612903225806
827,-0.08518518518518518,0.037037037037037035
828,-0.008823529411764714,0.04411764705882353
829,-0.044984567901234604,0.016666666666666666
830,0.07968750000000001,0.0
831,0.21637931034482757,0.07471264367816091
832,0.15625,0.11785714285714285
833,-0.025609756097560967,0.04878048780487805
834,-0.021428571428571432,0.0
835,-0.1359848484848485,0.13787878787878788
836,0.24285714285714285,0.05357142857142857
837,0.09285714285714285,0.03571428571428571
838,-0.01518518518518518,0.1
839,-0.15606060606060604,0.0
840,-0.1,0.04285714285714286
841,-0.158,0.01
842,-0.30833333333333335,0.0
843,-0.04382716049382715,0.0
844,-0.15416666666666667,0.0
845,0.0058333333333333345,0.0
846,0.11969696969696969,0.0
847,0.022413793103448276,0.013793103448275864
848,-0.03723404255319148,0.0425531914893617
849,-0.0119047619047619,0.0687830687830688
850,-0.096875,0.046875
851,0.19473684210526318,0.21052631578947367
852,-0.07222222222222223,0.0
853,-0.09523809523809523,0.0
854,-0.11206896551724138,0.0
855,0.036983471074380166,0.10330578512396695
856,0.06388888888888888,0.0
857,-0.008333333333333335,0.06944444444444445
858,-0.022522522522522525,0.021621621621621623
859,0.09081632653061222,0.04081632653061224
860,-0.06851851851851852,0.0
861,0.07058823529411765,0.052941176470588235
862,0.08859649122807016,0.16491228070175437
863,-0.0014285714285714362,0.049523809523809526
864,0.03579545454545453,0.17462121212121212
865,0.022435897435897433,0.07692307692307693
866,-0.08277777777777777,0.0
867,-0.08187499999999999,0.1
868,0.11358024691358024,0.012345679012345678
869,0.04718468468468468,0.05180180180180181
870,-0.055479452054794515,0.0273972602739726
871,0.006306306306306312,0.09234234234234234
872,0.15408163265306124,0.030612244897959183
873,-0.03166666666666666,0.060000000000000005
874,-0.016847826086956525,0.043478260869565216
875,0.11666666666666664,0.16666666666666666
876,0.09270833333333334,0.1875
877,0.060714285714285714,0.07142857142857142
878,-0.09999999999999999,0.17647058823529413
879,0.34021739130434786,0.13043478260869565
880,0.06896551724137931,0.05172413793103448
881,0.05121951219512194,0.07317073170731707
882,0.13819444444444443,0.25
883,0.19393939393939394,0.07954545454545454
884,-0.040624999999999994,0.015625
885,-0.125,0.0
886,-0.11153846153846152,0.09615384615384616
887,-0.04814814814814815,0.07407407407407407
888,0.011363636363636364,0.045454545454545456
889,-0.15384615384615385,0.0
890,0.07543859649122805,0.14912280701754385
891,-0.09482758620689653,0.05172413793103448
892,0.11985294117647056,0.04411764705882353
893,0.14305555555555557,0.06944444444444445
894,0.07361111111111109,0.041666666666666664
895,0.05576923076923076,0.04807692307692308
896,0.18446969696969698,0.13257575757575757
897,0.20166666666666663,0.07333333333333333
898,0.08670634920634922,0.12103174603174602
899,-0.11222222222222221,0.06666666666666667
900,0.19130434782608696,0.13043478260869565
901,0.09166666666666669,0.03125
902,0.06764705882352944,0.07745098039215687
903,0.033333333333333326,0.1738095238095238
904,0.12727272727272723,0.045454545454545456
905,0.012745098039215693,0.029411764705882353
906,0.23846153846153845,0.07692307692307693
907,-0.059821428571428546,0.12321428571428572
908,-0.056666666666666664,0.07666666666666666
909,0.033181818181818167,0.09818181818181819
910,0.04578651685393258,0.08426966292134831
911,0.08478260869565218,0.09782608695652174
912,0.09987745098039215,0.058823529411764705
913,0.058908045977011485,0.008620689655172414
914,0.17218992248062018,0.04186046511627906
915,-0.009074074074074094,0.13925925925925925
916,0.19568965517241377,0.017241379310344827
917,-0.0038949275362318834,0.05072463768115942
918,0.12666666666666668,0.028205128205128206
919,0.1535076530612245,0.028571428571428574
920,-0.11401515151515153,0.012121212121212121
921,-0.0029411764705882314,0.053921568627450976
922,0.09913793103448275,0.02586206896551724
923,0.034615384615384624,0.037037037037037035
924,0.11742424242424243,0.022727272727272728
925,-0.23134920634920636,0.07936507936507936
926,0.0824404761904762,0.10714285714285714
927,0.21513347763347765,0.08008658008658008
928,0.10813953488372094,0.04186046511627907
929,0.3,0.0
930,0.13442028985507246,0.05652173913043478
931,0.16325503355704693,0.06263982102908278
932,0.15357142857142855,0.03571428571428571
933,-0.23653846153846156,0.17307692307692307
934,0.13690476190476192,0.06746031746031747
935,0.21236559139784944,0.10967741935483871
936,-0.005555555555555554,0.013888888888888888
937,-0.20500000000000002,0.05
938,-0.010810810810810815,0.07297297297297298
939,0.09523809523809523,0.11999999999999998
940,0.13951612903225807,0.04032258064516129
941,-0.014080459770114939,0.08793103448275862
942,-0.24545454545454548,0.09090909090909091
943,-0.09285714285714286,0.02857142857142857
944,0.04852941176470589,0.07352941176470588
945,0.025862068965517244,0.05172413793103448
946,0.056666666666666664,0.09333333333333332
947,0.11785714285714285,0.017857142857142856
948,0.12373737373737373,0.0
949,0.17000000000000004,0.014285714285714285
950,-0.10169491525423727,0.03841807909604519
951,0.002173913043478253,0.10144927536231883
952,0.07803030303030302,0.21060606060606063
953,0.004761904761904761,0.07142857142857142
954,0.11363636363636363,0.04090909090909091
955,0.24400000000000002,0.0
956,0.23506944444444444,0.027777777777777776
957,0.29411764705882354,0.050980392156862744
958,0.06466666666666666,0.11
959,0.01555555555555555,0.022222222222222223
960,-0.09565217391304348,0.021739130434782608
961,0.1703125,0.015625
962,0.11896551724137931,0.10344827586206896
963,0.030416666666666647,0.019166666666666665
964,0.060000000000000005,0.17777777777777778
965,-0.033730158730158735,0.0
966,0.03201754385964912,0.08771929824561403
967,-0.03703703703703704,0.07407407407407407
968,0.0006410256410256473,0.07538461538461538
969,-0.14117647058823532,0.0
970,0.017424242424242415,0.1005050505050505
971,-0.05999999999999999,0.1
972,-0.15852272727272723,0.07575757575757575
973,0.11504065040650409,0.06341463414634146
974,0.060928961748633874,0.046448087431693985
975,0.07032520325203252,0.07073170731707316
976,0.18095238095238098,0.09523809523809523
977,-0.03633333333333333,0.04
978,0.29646464646464654,0.0808080808080808
979,0.041326530612244894,0.10612244897959185
980,0.09078231292517007,0.04782312925170068
981,0.06724137931034484,0.017241379310344827
982,0.05833333333333333,0.05793650793650793
983,-0.07575757575757577,0.34848484848484845
984,0.12678571428571428,0.0
985,-0.057692307692307696,0.09230769230769231
986,0.12516666666666668,0.08222222222222221
987,-0.032142857142857154,0.03571428571428571
988,-0.0868421052631579,0.12280701754385963
989,0.1,0.08
990,-0.013125000000000001,0.057499999999999996
991,0.04571428571428571,0.02857142857142857
992,0.1,0.23333333333333334
993,0.18148148148148147,0.0
994,0.0625,0.0625
995,-0.06999999999999999,0.1
996,0.021428571428571425,0.0873015873015873
997,0.03551912568306011,0.126775956284153
998,0.031818181818181815,0.0
999,-0.0014084507042253533,0.06338028169014084
1000,0.05384615384615384,0.038461538461538464
1001,-0.004444444444444444,0.05
1002,-0.16617647058823531,0.014705882352941176
1003,-0.07878787878787878,0.0
1004,0.07111111111111111,0.06555555555555555
1005,0.034313725490196074,0.08235294117647059
1006,0.07450980392156863,0.08823529411764706
1007,0.0153763440860215,0.1
1008,-0.09057971014492754,0.11594202898550723
1009,0.026157407407407417,0.06018518518518518
1010,-0.060937499999999985,0.0
1011,-0.005361305361305365,0.055944055944055944
1012,-0.021052631578947368,0.06140350877192983
1013,-0.016666666666666666,0.08372093023255814
1014,0.027551020408163252,0.06972789115646259
1015,0.007500000000000012,0.025
1016,0.15523809523809526,0.024761904761904763
1017,0.07837837837837837,0.12837837837837837
1018,-0.014325842696629213,0.06460674157303371
1019,-0.02916666666666666,0.041666666666666664
1020,-0.12222222222222222,0.07407407407407407
1021,0.29038461538461535,0.019230769230769232
1022,0.2818181818181818,0.09090909090909091
1023,0.01781045751633987,0.06372549019607843
1024,0.13137254901960785,0.07647058823529412
1025,-0.06176470588235293,0.029411764705882353
1026,-0.1626126126126126,0.010810810810810811
1027,-0.08541666666666665,0.0
1028,-0.02884615384615385,0.038461538461538464
1029,-0.014166666666666683,0.0
1030,0.09622641509433964,0.07547169811320754
1031,0.015410958904109588,0.07534246575342465
1032,-0.16142857142857145,0.014285714285714285
1033,-0.2543859649122807,0.02631578947368421
1034,0.033333333333333326,0.0
1035,0.06249999999999999,0.0625
1036,0.13456790123456788,0.037037037037037035
1037,0.06260162601626015,0.03414634146341463
1038,0.14112903225806447,0.15806451612903227
1039,0.03333333333333333,0.06666666666666667
1040,0.07499999999999998,0.10714285714285714
1041,-0.11271186440677969,0.025423728813559324
1042,-0.12500000000000003,0.019230769230769232
1043,0.02745098039215687,0.11764705882352941
1044,-0.12777777777777774,0.0
1045,-0.09333333333333332,0.06666666666666667
1046,0.15185185185185185,0.05555555555555555
1047,0.04333333333333333,0.0
1048,0.015972222222222218,0.05555555555555555
1049,-0.1952688172043011,0.06451612903225806
1050,0.007368421052631574,0.15789473684210525
1051,0.18095238095238095,0.09523809523809523
1052,0.08344907407407406,0.08333333333333333
1053,0.0,0.0
1054,0.10000000000000002,0.006944444444444444
1055,0.071875,0.1125
1056,0.07876984126984128,0.0734126984126984
1057,0.15708333333333332,0.008333333333333333
1058,0.20394736842105263,0.0
1059,-0.06981981981981981,0.036036036036036036
1060,-0.128,0.0
1061,-0.08333333333333333,0.011904761904761904
1062,-0.1346153846153846,0.0
1063,0.3172222222222221,0.06222222222222222
1064,0.11583333333333334,0.2
1065,0.04234234234234234,0.08558558558558559
1066,0.16304347826086957,0.03623188405797101
1067,0.07663690476190477,0.0625
1068,0.04999999999999999,0.07407407407407407
1069,0.1135593220338983,0.11016949152542373
1070,0.115625,0.0
1071,0.054421768707482984,0.04625850340136054
1072,0.1103741496598639,0.04149659863945578
1073,-0.1602941176470588,0.029411764705882353
1074,0.0013605442176870745,0.07823129251700679
1075,0.095,0.15
1076,-0.11956521739130435,0.0
1077,-0.23916666666666667,0.06666666666666667
1078,-0.029577464788732383,0.05962441314553991
1079,-0.1251602564102564,0.20512820512820515
1080,0.03474178403755869,0.07511737089201878
1081,0.005882352941176476,0.11764705882352941
1082,0.05355191256830601,0.10382513661202186
1083,0.043371212121212116,0.07878787878787878
1084,-0.05491071428571429,0.08928571428571429
1085,0.030769230769230764,0.15384615384615385
1086,-0.15517241379310345,0.09655172413793103
1087,0.0467741935483871,0.06451612903225806
1088,-0.007222222222222226,0.04444444444444444
1089,-0.07991452991452992,0.0641025641025641
1090,0.08648648648648648,0.0
1091,0.1,0.1
1092,-0.08434343434343435,0.0
1093,0.029268292682926834,0.024390243902439025
1094,-0.025,0.05
1095,-0.05454545454545456,0.0
1096,0.05441176470588236,0.0392156862745098
1097,0.04208333333333333,0.08125
1098,-0.09642857142857143,0.028571428571428574
1099,0.28049999999999997,0.22
1100,0.021874999999999995,0.049999999999999996
1101,-0.0691123188405797,0.08695652173913043
1102,0.0611111111111111,0.0
1103,0.1267543859649123,0.12894736842105264
1104,-0.020424836601307183,0.0196078431372549
1105,-0.021474358974358974,0.04230769230769231
1106,0.07094594594594594,0.02702702702702703
1107,-0.20370370370370372,0.07407407407407407
1108,0.1875,0.041666666666666664
1109,0.03023255813953488,0.06976744186046512
1110,0.048437499999999994,0.0
1111,-0.012500000000000025,0.1875
1112,-0.13633333333333333,0.01111111111111111
1113,0.05595238095238094,0.06547619047619048
1114,0.005882352941176472,0.12058823529411763
1115,-0.11583333333333332,0.2
1116,0.04651162790697675,0.09354005167958657
1117,0.09924242424242423,0.08939393939393939
1118,-0.13371428571428573,0.0
1119,0.09146825396825396,0.10119047619047619
1120,-0.01153846153846154,0.11538461538461539
1121,-0.07285714285714286,0.011428571428571429
1122,0.04296875,0.0
1123,0.046953125,0.096875
1124,0.07058823529411765,0.07352941176470588
1125,0.1359375,0.0921875
1126,-0.1323529411764706,0.041176470588235294
1127,-0.08208333333333334,0.013888888888888888
1128,0.0732142857142857,0.07142857142857142
1129,-0.15555555555555556,0.030303030303030304
1130,0.05223214285714287,0.03571428571428571
1131,0.025185185185185185,0.1574074074074074
1132,-0.09090909090909091,0.09090909090909091
1133,0.029901960784313723,0.1068627450980392
1134,-0.2684210526315789,0.02631578947368421
1135,0.004301075268817203,0.14516129032258066
1136,0.08399999999999999,0.0
1137,0.01666666666666667,0.10714285714285714
1138,0.1462962962962963,0.15925925925925924
1139,-0.08142857142857143,0.0
1140,0.08627450980392155,0.05032679738562091
1141,0.12152777777777779,0.041666666666666664
1142,0.05260416666666666,0.020833333333333332
1143,0.09090909090909093,0.1025974025974026
1144,0.08181818181818182,0.12626262626262627
1145,-0.04782608695652174,0.0
1146,0.07132352941176473,0.0588235294117647
1147,-0.06296296296296297,0.0
1148,-0.06,0.02
1149,-0.005714285714285716,0.08571428571428572
1150,0.14791666666666667,0.08333333333333333
1151,-0.03166666666666667,0.014583333333333332
1152,-0.1,0.15
1153,0.03888888888888889,0.05555555555555555
1154,0.2064516129032258,0.06451612903225806
1155,0.051162790697674425,0.12325581395348836
1156,0.2107923497267759,0.03825136612021857
1157,-0.013513513513513507,0.06756756756756757
1158,0.11547619047619047,0.1261904761904762
1159,0.056249999999999994,0.27083333333333337
1160,0.035021645021645016,0.07186147186147186
1161,0.021153846153846155,0.019230769230769232
1162,-0.12333333333333334,0.1
1163,0.1919753086419753,0.11728395061728394
1164,0.1815789473684211,0.02631578947368421
1165,-0.08991228070175439,0.08245614035087719
1166,-0.009259259259259276,0.018518518518518517
1167,0.03684210526315789,0.0
1168,-0.047619047619047616,0.047619047619047616
1169,-0.12173913043478259,0.05434782608695652
1170,-0.23124999999999998,0.14583333333333334
1171,0.04298245614035088,0.05263157894736842
1172,0.21333333333333337,0.0125
1173,-0.03763636363636365,0.034545454545454546
1174,-0.06052631578947368,0.0
1175,-0.004471544715447155,0.08536585365853659
1176,0.0016666666666666644,0.06666666666666667
1177,-0.039999999999999994,0.2
1178,0.14087878787878783,0.050909090909090904
1179,-0.03870967741935484,0.15483870967741936
1180,0.06527777777777777,0.20833333333333334
1181,-0.1333333333333333,0.0
1182,0.041176470588235294,0.08823529411764706
1183,0.16156976744186047,0.16279069767441862
1184,0.3406,0.08800000000000001
1185,-0.07236842105263158,0.12280701754385963
1186,0.004999999999999982,0.0
1187,-0.15333333333333335,0.03166666666666666
1188,0.09833333333333334,0.03333333333333333
1189,-0.16111111111111112,0.018518518518518517
1190,0.13466666666666668,0.0
1191,0.1131720430107527,0.03763440860215053
1192,0.14166666666666666,0.0
1193,0.16249999999999998,0.03125
1194,-0.05064102564102564,0.08333333333333333
1195,0.1517543859649123,0.0
1196,-0.0925,0.125
1197,0.06999999999999999,0.1
1198,0.1893939393939394,0.05757575757575757
1199,0.19444444444444445,0.05555555555555555
1200,-0.03287037037037037,0.26851851851851855
1201,0.04117647058823529,0.08823529411764706
1202,0.1409090909090909,0.045454545454545456
1203,-0.04365079365079366,0.0873015873015873
1204,0.09761904761904762,0.10357142857142856
1205,0.1826530612244898,0.11224489795918367
1206,0.09411764705882353,0.029411764705882353
1207,0.2409722222222222,0.14537037037037037
1208,0.09455208333333333,0.05791666666666666
1209,0.07045454545454545,0.1636363636363636
1210,0.07356321839080461,0.10804597701149425
1211,0.1380952380952381,0.11904761904761904
1212,0.16376811594202897,0.1355072463768116
1213,-0.0677536231884058,0.050724637681159424
1214,0.05919540229885057,0.034482758620689655
1215,0.17809523809523808,0.08095238095238096
1216,0.018205128205128207,0.11538461538461539
1217,0.025268817204301068,0.13978494623655913
1218,0.06574074074074075,0.03888888888888889
1219,0.09544554455445543,0.0726072607260726
1220,0.18383838383838383,0.030303030303030304
1221,-0.18181818181818182,0.13636363636363635
1222,-0.028150406504065043,0.10975609756097561
1223,0.18515625,0.11875
1224,-0.025438596491228083,0.043859649122807015
1225,0.16476190476190475,0.047619047619047616
1226,0.18125,0.11904761904761905
1227,0.15112179487179486,0.09935897435897435
1228,0.05714285714285714,0.014285714285714285
1229,-0.021808510638297876,0.10638297872340426
1230,0.0798913043478261,0.06521739130434782
1231,-0.13392857142857145,0.0
1232,0.06802721088435373,0.05442176870748299
1233,-0.006521739130434784,0.034782608695652174
1234,0.11086956521739127,0.03260869565217391
1235,0.07283950617283949,0.04938271604938271
1236,0.07346938775510205,0.04081632653061224
1237,0.34523809523809523,0.0
1238,0.09308943089430895,0.07804878048780488
1239,0.16126373626373625,0.09340659340659341
1240,0.05113636363636364,0.025757575757575757
1241,0.0875,0.12115384615384615
1242,0.003246753246753244,0.0683982683982684
1243,0.05775193798449613,0.05891472868217054
1244,0.1576923076923077,0.11153846153846153
1245,0.19549999999999998,0.025
1246,0.17372395833333332,0.08270833333333333
1247,0.0532258064516129,0.06586021505376344
1248,0.06066666666666668,0.17
1249,-0.11442307692307695,0.03461538461538462
1250,-0.037037037037037035,0.09259259259259259
1251,0.03952991452991453,0.1205128205128205
1252,0.08576388888888888,0.05555555555555555
1253,0.22178571428571425,0.20857142857142857
1254,0.16375,0.0375
1255,0.17222222222222225,0.08750000000000001
1256,0.11359481292517006,0.11666666666666668
1257,0.0811594202898551,0.043478260869565216
1258,-0.010000000000000007,0.11666666666666667
1259,0.20882352941176469,0.0
1260,0.025000000000000005,0.10268817204301076
1261,0.1131578947368421,0.15789473684210525
1262,0.11707317073170731,0.1048780487804878
1263,0.10888888888888887,0.05555555555555555
1264,0.05476190476190477,0.04047619047619048
1265,-0.09756097560975609,0.06097560975609756
1266,0.11223404255319148,0.07943262411347518
1267,-0.06036585365853658,0.008130081300813007
1268,0.08648648648648648,0.07657657657657659
1269,0.18624031007751937,0.10232558139534885
1270,0.15714285714285717,0.08333333333333334
1271,0.2916666666666667,0.020833333333333332
1272,0.09081439393939396,0.05018939393939394
1273,0.11666666666666668,0.22537878787878787
1274,0.29411764705882354,0.050980392156862744
1275,0.07656249999999999,0.16666666666666666
1276,0.095,0.15083333333333332
1277,0.14404761904761904,0.08333333333333333
1278,-0.05,0.0
1279,0.10825688073394493,0.0853211009174312
1280,0.14043715846994537,0.16885245901639342
1281,0.2453703703703703,0.1111111111111111
1282,-0.15555555555555556,0.05555555555555555
1283,0.3499999999999999,0.0625
1284,-0.11361111111111111,0.027777777777777776
1285,0.01984649122807017,0.03289473684210526
1286,0.22916666666666666,0.0
1287,-0.020454545454545454,0.011363636363636364
1288,0.10080128205128205,0.06217948717948718
1289,0.10366666666666667,0.055999999999999994
1290,0.0909090909090909,0.2503030303030303
1291,0.19466666666666668,0.086
1292,0.3097222222222222,0.1875
1293,-0.16203703703703703,0.09259259259259259
1294,0.09651162790697673,0.0
1295,0.07289972899729,0.049864498644986446
1296,0.12833333333333333,0.08181818181818182
1297,0.1278846153846154,0.028846153846153848
1298,0.09687499999999999,0.020833333333333332
1299,0.08449074074074074,0.04861111111111111
1300,-0.023541666666666683,0.06416666666666666
1301,0.07448979591836735,0.0673469387755102
1302,0.251,0.055999999999999994
1303,0.10601851851851851,0.07870370370370369
1304,-0.05518018018018015,0.07207207207207207
1305,0.009259259259259247,0.02962962962962963
1306,-0.048275862068965496,0.18275862068965518
1307,0.1925,0.05
1308,0.004797979797979794,0.08838383838383838
1309,0.030476190476190476,0.12285714285714285
1310,0.007142857142857141,0.05357142857142857
1311,0.10544217687074829,0.08775510204081632
1312,0.13397435897435894,0.0841025641025641
1313,-0.08499999999999999,0.04444444444444444
1314,-0.067,0.11199999999999999
1315,0.18235294117647058,0.0
1316,0.02705314009661836,0.09130434782608696
1317,-0.03625,0.09416666666666666
1318,0.13541666666666669,0.025
1319,0.22023809523809523,0.03428571428571429
1320,0.05617283950617285,0.09691358024691359
1321,0.15613425925925928,0.05393518518518518
1322,0.19647435897435897,0.09615384615384616
1323,0.07111111111111111,0.06666666666666667
1324,0.07140625,0.021875
1325,0.012646198830409352,0.06286549707602339
1326,0.0072916666666666685,0.015625
1327,0.15441176470588236,0.18529411764705883
1328,-0.05193798449612403,0.10310077519379846
1329,0.10162601626016259,0.0934959349593496
1330,0.28671875,0.0625
1331,0.08082191780821918,0.07534246575342465
1332,0.01309523809523809,0.047619047619047616
1333,-0.13064516129032258,0.03225806451612903
1334,0.09407407407407407,0.07407407407407407
1335,0.05217391304347825,0.021739130434782608
1336,-0.08684210526315789,0.09473684210526315
1337,-0.08142857142857142,0.011428571428571429
1338,-0.07275641025641022,0.01282051282051282
1339,0.10666666666666667,0.06333333333333332
1340,0.1054054054054054,0.2918918918918919
1341,-0.024074074074074088,0.09259259259259259
1342,-0.034848484848484844,0.03787878787878787
1343,-0.06653846153846153,0.007692307692307693
1344,-0.12777777777777777,0.03333333333333333
1345,-0.029166666666666674,0.06018518518518518
1346,0.013043478260869563,0.043478260869565216
1347,-0.05857142857142858,0.05714285714285714
1348,-0.01871345029239767,0.03508771929824561
1349,-0.0771604938271605,0.027777777777777776
1350,-0.06179653679653678,0.08441558441558442
1351,-0.19972222222222222,0.03472222222222222
1352,0.18663793103448273,0.05172413793103448
1353,0.0761904761904762,0.11904761904761904
1354,-0.10673758865248227,0.0851063829787234
1355,-0.25,0.03333333333333333
1356,0.02758620689655171,0.027586206896551727
1357,-0.036000000000000004,0.06666666666666667
1358,-0.027777777777777794,0.0
1359,0.11481481481481481,0.0
1360,-0.0014767932489451509,0.06835443037974684
1361,0.03289473684210526,0.042105263157894736
1362,-0.0489247311827957,0.04838709677419355
1363,-0.332,0.14
1364,-0.014309764309764321,0.08686868686868686
1365,-0.0062500000000000125,0.0625
1366,0.21025641025641026,0.07051282051282051
1367,0.17272727272727273,0.045454545454545456
1368,0.16490384615384618,0.06442307692307692
1369,0.14962962962962964,0.042222222222222223
1370,0.2760964912280701,0.12061403508771931
1371,-0.17647058823529413,0.04411764705882353
1372,-0.06666666666666667,0.013888888888888888
1373,0.21990740740740738,0.013888888888888888
1374,0.07307692307692307,0.17435897435897435
1375,0.06477011494252873,0.0606896551724138
1376,0.009090909090909092,0.030303030303030304
1377,0.1159090909090909,0.0606060606060606
1378,-0.34598765432098766,0.037037037037037035
1379,-0.044000000000000004,0.212
1380,0.049390243902439034,0.07439024390243902
1381,0.3057692307692308,0.019230769230769232
1382,0.10294117647058823,0.09803921568627451
1383,-0.16973684210526313,0.05263157894736842
1384,-0.13157894736842105,0.07894736842105263
1385,0.02641509433962264,0.07547169811320754
1386,0.11576576576576576,0.03783783783783783
1387,0.022222222222222216,0.0
1388,0.12499999999999997,0.08928571428571429
1389,0.028571428571428564,0.03571428571428571
1390,0.061538461538461535,0.038461538461538464
1391,0.13761261261261262,0.15675675675675677
1392,0.024074074074074064,0.16666666666666666
1393,-0.11811594202898551,0.10144927536231883
1394,0.05681818181818181,0.11363636363636363
1395,0.13636363636363633,0.12121212121212122
1396,0.07037037037037036,0.10185185185185185
1397,-0.05486111111111111,0.09074074074074073
1398,-0.015432098765432101,0.07407407407407407
1399,-0.19385964912280704,0.017543859649122806
1400,0.032613908872901685,0.11103117505995205
1401,-0.06178861788617885,0.04878048780487805
1402,0.03142857142857143,0.15428571428571428
1403,0.1464135021097046,0.06962025316455696
1404,0.05833333333333332,0.027777777777777776
1405,0.07037037037037036,0.10185185185185185
1406,-0.026470588235294114,0.0
1407,-0.06176470588235293,0.08823529411764706
1408,-0.1620689655172414,0.0
1409,-0.036842105263157905,0.0
1410,-0.03580246913580248,0.024691358024691357
1411,0.1258928571428571,0.03571428571428571
1412,0.0743243243243243,0.16666666666666666
1413,-0.14320987654320985,0.06790123456790123
1414,0.04346846846846846,0.07117117117117117
1415,-0.06034482758620689,0.1206896551724138
1416,0.27058823529411763,0.0
1417,0.01519607843137255,0.15196078431372548
1418,-0.15833333333333335,0.0
1419,0.0031862745098039267,0.07156862745098039
1420,0.042342342342342326,0.02702702702702703
1421,0.03362211221122111,0.041584158415841586
1422,-0.03784313725490196,0.0392156862745098
1423,0.018571428571428576,0.014285714285714285
1424,-0.01666666666666667,0.027777777777777776
1425,0.07135416666666666,0.046875
1426,0.2296703296703297,0.06263736263736264
1427,0.31223958333333335,0.010416666666666666
1428,0.03695652173913044,0.13043478260869565
1429,0.12162162162162163,0.0472972972972973
1430,-0.05416666666666666,0.020833333333333332
1431,0.18333333333333335,0.0765432098765432
1432,-0.07847222222222222,0.1388888888888889
1433,0.07906976744186045,0.11162790697674418
1434,-0.01666666666666667,0.0
1435,-0.10476190476190476,0.0
1436,0.05101010101010103,0.030303030303030304
1437,0.07234432234432234,0.046153846153846156
1438,-0.11029411764705882,0.07352941176470588
1439,-0.16041666666666665,0.14583333333333331
1440,-0.09305555555555554,0.12037037037037036
1441,-0.010000000000000002,0.03333333333333333
1442,0.059259259259259255,0.12962962962962962
1443,-0.06231231231231231,0.04054054054054054
1444,-0.014999999999999998,0.1
1445,0.094,0.1
1446,-0.042063492063492074,0.06349206349206349
1447,-0.17307692307692307,0.08974358974358973
1448,-0.1416666666666667,0.05555555555555555
1449,0.040873015873015874,0.07698412698412699
1450,0.33920454545454537,0.0659090909090909
1451,0.046,0.16
1452,0.08571428571428572,0.017857142857142856
1453,0.07435897435897434,0.15384615384615385
1454,0.07407407407407407,0.10185185185185185
1455,0.039969135802469136,0.027777777777777776
1456,0.0037373737373737293,0.22424242424242427
1457,0.21950354609929076,0.1450354609929078
1458,0.15333333333333332,0.17037037037037037
1459,-0.06063492063492064,0.07809523809523809
1460,-0.1553030303030303,0.045454545454545456
1461,0.1326086956521739,0.043478260869565216
1462,0.08625000000000001,0.075
1463,-0.14916666666666667,0.03333333333333333
1464,0.17,0.02
1465,0.10459302325581395,0.10930232558139535
1466,0.31223958333333335,0.010416666666666666
1467,0.03333333333333334,0.0
1468,-0.18636363636363634,0.045454545454545456
1469,0.0975,0.064
1470,-0.2051282051282051,0.046153846153846156
1471,-0.2120689655172414,0.05172413793103448
1472,0.17124999999999999,0.06333333333333332
1473,0.041999999999999996,0.02
1474,0.088,0.04
1475,0.07435897435897434,0.05128205128205128
1476,-0.10833333333333334,0.06481481481481483
1477,-0.058823529411764705,0.058823529411764705
1478,0.03840579710144928,0.017391304347826087
1479,-0.20833333333333334,0.0
1480,-0.09999999999999999,0.047058823529411764
1481,0.2545454545454546,0.11363636363636363
1482,0.1108695652173913,0.06521739130434782
1483,-0.005128205128205127,0.1282051282051282
1484,0.09482758620689655,0.057471264367816084
1485,-0.1553030303030303,0.045454545454545456
1486,-0.09270833333333332,0.03125
1487,-0.19,0.04
1488,-0.017391304347826094,0.10869565217391304
1489,-0.04685534591194969,0.04968553459119497
1490,0.13633879781420766,0.08743169398907104
1491,0.008620689655172414,0.0
1492,-0.0661290322580645,0.016129032258064516
1493,-0.2730769230769231,0.057692307692307696
1494,-0.06388888888888888,0.05555555555555555
1495,0.005128205128205123,0.08333333333333333
1496,0.5545454545454546,0.0606060606060606
1497,-0.02383333333333334,0.115
1498,0.06666666666666664,0.06666666666666667
1499,-0.09722222222222221,0.0
1500,0.012254901960784312,0.08823529411764706
1501,0.10921052631578948,0.006578947368421052
1502,0.08529411764705884,0.029411764705882353
1503,-0.03726190476190475,0.07380952380952381
1504,0.010714285714285716,0.0
1505,0.07621527777777777,0.08333333333333333
1506,0.09033333333333333,0.15066666666666667
1507,-0.011111111111111105,0.046913580246913576
1508,-0.11839080459770114,0.0
1509,-0.2296296296296296,0.10185185185185185
1510,-0.09534883720930233,0.09379844961240309
1511,0.21038011695906425,0.09035087719298246
1512,0.13658536585365855,0.03252032520325203
1513,0.09583333333333333,0.1597222222222222
1514,0.1697674418604651,0.05813953488372093
1515,0.04983333333333333,0.04533333333333333
1516,-0.1516666666666667,0.03333333333333333
1517,0.03866666666666667,0.050666666666666665
1518,0.04456521739130435,0.15217391304347827
1519,0.07040229885057471,0.1189655172413793
1520,-0.026608187134502914,0.023391812865497075
1521,0.02450980392156862,0.08823529411764706
1522,0.07647058823529411,0.014705882352941176
1523,-0.12352941176470586,0.058823529411764705
1524,0.07249999999999998,0.175
1525,0.0412878787878788,0.045454545454545456
1526,-0.006896551724137937,0.06896551724137931
1527,0.14615384615384613,0.07307692307692307
1528,-0.0037500000000000055,0.06666666666666667
1529,0.1695273631840796,0.06791044776119402
1530,-0.0303030303030303,0.0101010101010101
1531,-0.040000000000000015,0.06666666666666667
1532,0.053846153846153835,0.05128205128205128
1533,0.08812189054726366,0.04228855721393035
1534,0.03421052631578948,0.0
1535,0.21060606060606063,0.10606060606060606
1536,0.018421052631578946,0.061403508771929814
1537,0.1309090909090909,0.060606060606060615
1538,-0.12403846153846154,0.0
1539,0.21999999999999997,0.2
1540,0.153921568627451,0.058823529411764705
1541,-0.004854368932038825,0.07378640776699029
1542,0.024285714285714296,0.11428571428571428
1543,0.10952380952380951,0.047619047619047616
1544,-0.11034482758620691,0.21839080459770113
1545,0.07297297297297298,0.05405405405405406
1546,-0.020312500000000008,0.09375
1547,0.08806306306306307,0.17567567567567569
1548,0.025157232704402517,0.0440251572327044
1549,0.20483870967741938,0.03225806451612903
1550,-0.06875,0.0625
1551,-0.03249999999999999,0.025
1552,0.06296296296296296,0.21481481481481482
1553,0.04666666666666666,0.13333333333333333
1554,0.18376068376068377,0.11538461538461539
1555,0.0357142857142857,0.054285714285714284
1556,0.09909090909090908,0.09454545454545454
1557,-0.00416666666666667,0.0625
1558,-0.17421875,0.025
1559,0.06578947368421052,0.0756578947368421
1560,-0.15,0.20588235294117646
1561,0.0405072463768116,0.047826086956521734
1562,0.10277777777777779,0.1851851851851852
1563,0.037735849056603765,0.02830188679245283
1564,0.011290322580645164,0.016129032258064516
1565,0.055797101449275355,0.0
1566,0.06739130434782607,0.014492753623188404
1567,0.14767441860465114,0.15891472868217055
1568,-0.15714285714285714,0.02857142857142857
1569,0.10588235294117646,0.11764705882352941
1570,0.2825,0.075
1571,-0.28717948717948716,0.14102564102564102
1572,0.09615384615384616,0.059829059829059825
1573,0.05754716981132075,0.07547169811320754
1574,-0.010763888888888887,0.11666666666666665
1575,0.14687499999999998,0.09375
1576,0.0019230769230769219,0.08717948717948718
1577,-0.16785714285714284,0.0
1578,0.031707317073170725,0.024390243902439025
1579,-0.057499999999999996,0.05
1580,0.28043478260869564,0.18840579710144925
1581,0.23246527777777778,0.08680555555555554
1582,0.046969696969696946,0.06818181818181818
1583,0.012745098039215681,0.065359477124183
1584,0.02219626168224299,0.117601246105919
1585,-0.12222222222222222,0.06666666666666667
1586,0.19484126984126984,0.023809523809523808
1587,-0.002845528455284556,0.06097560975609756
1588,-0.17826086956521742,0.043478260869565216
1589,0.10227272727272729,0.04545454545454546
1590,-0.11833333333333333,0.06999999999999999
1591,0.3145833333333334,0.11458333333333333
1592,-0.1910714285714286,0.07142857142857142
1593,-0.0029166666666666703,0.05166666666666666
1594,0.12581699346405228,0.1287581699346405
1595,0.15226190476190476,0.02857142857142857
1596,-0.0006410256410256359,0.06794871794871794
1597,0.0033333333333333266,0.07851851851851852
1598,0.07232142857142856,0.09464285714285714
1599,0.10859375,0.15625
1600,0.15285714285714289,0.0
1601,-0.009302325581395347,0.06976744186046512
1602,0.12445273631840796,0.08432835820895523
1603,-0.032380952380952385,0.06476190476190476
1604,-0.03579545454545455,0.022727272727272728
1605,0.019270833333333334,0.08958333333333333
1606,0.00738993710691824,0.06289308176100629
1607,0.017857142857142856,0.11785714285714285
1608,0.12120253164556961,0.12341772151898735
1609,0.04925925925925926,0.029629629629629627
1610,0.16226525821596244,0.1028169014084507
1611,-0.18333333333333332,0.054455445544554455
1612,0.10906862745098037,0.024509803921568624
1613,-0.125,0.0
1614,0.09895833333333333,0.03125
1615,-0.07672413793103448,0.02586206896551724
1616,-0.06442307692307692,0.07692307692307693
1617,0.12222222222222223,0.055555555555555546
1618,-0.05555555555555555,0.0
1619,0.14325,0.048
1620,-0.08437499999999999,0.12041666666666666
1621,0.10511363636363637,0.045454545454545456
1622,0.21474358974358973,0.005128205128205128
1623,0.07696759259259259,0.10462962962962963
1624,0.1962121212121212,0.0
1625,0.053298611111111116,0.04791666666666666
1626,0.13815789473684212,0.05263157894736842
1627,0.22568627450980389,0.0588235294117647
1628,0.10999999999999999,0.05
1629,0.028671617161716144,0.06881188118811882
1630,0.1462962962962963,0.1037037037037037
1631,-0.02439024390243903,0.046341463414634146
1632,0.006881720430107529,0.1492831541218638
1633,0.14375,0.0
1634,0.08271604938271605,0.11728395061728394
1635,0.21842105263157893,0.13157894736842105
1636,0.14999999999999997,0.012121212121212121
1637,0.11774193548387098,0.07419354838709677
1638,0.1492559523809524,0.04642857142857143
1639,-0.01106321839080459,0.0
1640,0.012403100775193797,0.08914728682170543
1641,0.12444444444444445,0.06666666666666667
1642,0.25055555555555553,0.046296296296296294
1643,0.15967741935483873,0.12903225806451613
1644,0.04695652173913044,0.030434782608695653
1645,0.35500000000000004,0.1
1646,-0.06739130434782607,0.06521739130434782
1647,0.06209935897435898,0.11217948717948717
1648,0.09270833333333332,0.04861111111111111
1649,0.03531746031746031,0.1388888888888889
1650,-0.33125,0.0
1651,0.10499999999999998,0.04466666666666667
1652,0.1017241379310345,0.13103448275862067
1653,-0.09347826086956523,0.0
1654,0.026200564971751415,0.09548022598870057
1655,0.0891156462585034,0.006802721088435374
1656,0.08063725490196079,0.08333333333333333
1657,0.1125,0.041666666666666664
1658,0.013596491228070171,0.04385964912280702
1659,0.014285714285714287,0.09047619047619047
1660,-0.05919540229885055,0.0632183908045977
1661,-0.025666666666666657,0.096
1662,0.1228395061728395,0.030864197530864196
1663,0.01249999999999999,0.0875
1664,-0.23055555555555557,0.046296296296296294
1665,-0.023118279569892475,0.0913978494623656
1666,0.08235294117647059,0.058823529411764705
1667,-0.005284552845528447,0.07520325203252032
1668,0.15499999999999997,0.08277777777777778
1669,0.07189542483660132,0.15947712418300652
1670,0.08048780487804878,0.06707317073170732
1671,0.1690705128205128,0.07692307692307693
1672,0.07134146341463415,0.10162601626016259
1673,-0.044298245614035094,0.09649122807017543
1674,0.11785714285714287,0.05102040816326531
1675,0.05111111111111112,0.03777777777777778
1676,0.18918918918918914,0.057432432432432436
1677,0.041493055555555554,0.08298611111111111
1678,0.052482269503546085,0.08439716312056737
1679,0.12301587301587298,0.23809523809523808
1680,-0.034693877551020415,0.08163265306122448
1681,-0.024509803921568627,0.08071895424836602
1682,0.07288557213930351,0.07462686567164178
1683,0.06493055555555556,0.10486111111111111
1684,0.18909722222222225,0.08277777777777778
1685,0.16400000000000003,0.06
1686,0.1813920454545454,0.05767045454545456
1687,-0.049197530864197515,0.08271604938271605
1688,0.0665948275862069,0.14396551724137935
1689,-0.33636363636363636,0.0
1690,0.04807692307692308,0.0641025641025641
1691,0.005859374999999993,0.0703125
1692,0.031359649122807025,0.11842105263157894
1693,0.2556818181818182,0.029545454545454545
1694,0.2648648648648648,0.05405405405405406
1695,-0.07817460317460317,0.12341269841269842
1696,0.21384976525821592,0.057276995305164315
1697,0.20481481481481478,0.09074074074074073
1698,0.12034883720930233,0.10620155038759689
1699,-0.03677777777777777,0.1288888888888889
1700,0.011428571428571429,0.051428571428571435
1701,0.00733122362869198,0.1658227848101266
1702,0.05594444444444443,0.022222222222222223
1703,-0.0014285714285714299,0.07523809523809524
1704,0.16125000000000003,0.03645833333333333
1705,0.1514285714285714,0.02857142857142857
1706,0.1142857142857143,0.07142857142857142
1707,0.12324561403508773,0.02631578947368421
1708,0.09324324324324323,0.06756756756756757
1709,0.12580645161290321,0.06451612903225806
1710,0.11150793650793651,0.007936507936507936
1711,0.14682291666666664,0.1359375
1712,0.11909909909909909,0.027927927927927924
1713,-0.020555555555555553,0.022222222222222223
1714,0.07624113475177305,0.05106382978723404
1715,0.21317204301075268,0.09838709677419354
1716,0.12410526315789473,0.08
1717,0.019886363636363633,0.018939393939393936
1718,0.14708333333333334,0.075
1719,-0.04292929292929293,0.16161616161616163
1720,0.1545,0.055
1721,0.058333333333333334,0.02261904761904762
1722,0.11916666666666667,0.08499999999999999
1723,-0.09193548387096774,0.0967741935483871
1724,0.29857142857142854,0.014285714285714285
1725,0.18875000000000003,0.075
1726,0.0361607142857143,0.05178571428571428
1727,0.2791666666666666,0.04814814814814814
1728,0.17352941176470588,0.014705882352941176
1729,-0.08714285714285713,0.03809523809523809
1730,0.07837837837837838,0.12342342342342341
1731,-0.09358974358974358,0.07692307692307693
1732,0.09842767295597485,0.04905660377358491
1733,-0.001000000000000012,0.22000000000000003
1734,0.14499999999999996,0.06666666666666667
1735,-0.05873015873015873,0.04365079365079365
1736,-0.06395833333333333,0.025
1737,0.031111111111111114,0.1
1738,0.12936507936507938,0.11904761904761904
1739,0.04776785714285714,0.002232142857142857
1740,-0.07727272727272727,0.09090909090909091
1741,0.13260869565217392,0.021739130434782608
1742,0.02608695652173913,0.06521739130434782
1743,-0.12968749999999998,0.0
1744,0.23000000000000004,0.04
1745,0.2263157894736842,0.07894736842105263
